Row,Energy,Momentum,Angle_Theta,Angle_Phi,Detector_Response,Time_Measurement,Particle_Type
Energy,1,0.935491443210675,0.350310351353085,-0.011598413199588,-0.074728674170197,0.37632425320005,-0.0588907096968495
Momentum,0.935491443210675,1,0.188389129883528,-0.103400266762246,-0.0118134789972588,0.387164367044775,-0.106674913785092
Angle_Theta,0.350310351353085,0.188389129883528,1,-0.0622388373281671,-0.116832236105558,-0.0117784519382455,-0.0347694050132317
Angle_Phi,-0.011598413199588,-0.103400266762246,-0.0622388373281671,1,-0.108195882778905,-0.00110858046251608,-0.0409624029413402
Detector_Response,-0.074728674170197,-0.0118134789972588,-0.116832236105558,-0.108195882778905,1,-0.273162214678473,-0.0239835487271393
Time_Measurement,0.37632425320005,0.387164367044775,-0.0117784519382455,-0.00110858046251608,-0.273162214678473,1,0.15215951169882
Particle_Type,-0.0588907096968495,-0.106674913785092,-0.0347694050132317,-0.0409624029413402,-0.0239835487271393,0.15215951169882,1
